Dork Name, Description, Who Added
"site:stackoverflow.com ""{domain}""",Search StackOverflow for anything that mentions their domain,Luke
"site:stackoverflow.com intitle:API ""{domain}""",API Recon - Search StackOverflow for anything that mentions their domain and has API in the title,David
"site:github.com ""{domain}""",Search GitHub for anything that mentions their domain,Luke
"site:{domain} inurl:"".php?id="" ""You have an error in your SQL syntax""",Taken from SANS,Luke
"site:pastebin.com intext:""{company}",Search Pastebin for the company name,Troy
"site:pastebin.com intext:""{domain}""",Search Pastebin for the company domain,David
"site:github.com intitle:API ""{domain}""",API Recon -Search GitHub for anything that mentions their domain and has API in the title,David
"site:superuser.com ""{domain}""",Search superuser for anything that mentions their domain,David
"site:superuser.com intitle:API ""{domain}""",API Recon -Search superuser for anything that mentions their domain and has API in the title,David
"site:{domain} intitle:""index of"" ./bash_history",Taken from SANS,Luke
"site:{domain} inurl:/login.asp ""Configuration and Management""",Taken from SANS,Luke
site:{domain} intext:admin ext:sql inurl:admin,Taken from SANS,Luke
site:{domain} inurl:wp-content/plugins/Ultimate-member,,Luke
site:{domain} intitle:NETSurveillance WEB,,Luke
site:{domain} intitle:ZAP Scanning Report + Alert Detail,,Luke
site:{domain} intitle:Skipfish - scan results browser,,Luke
site:{domain} intitle:Nikto Report OSVDB,,Luke
site:{domain} intitle:traefik inurl:8080/dashboard,,Luke
site:{domain} intitle:Malware Analysis Report,,Luke
site:{domain} :: Arachni Web Application Security Report,,Luke
site:{domain} IBM Security AppScan Report ext:pdf,,Luke
site:{domain} intext:Welcome to the Web V.Networks intitle:V.Networks [Top] -filetype:htm,,Luke
site:{domain} intitle:Burp Scanner Report | Report generated by Burp Scanner,,Luke
site:{domain} intitle: Generated by Acunetix WVS Reporter,,Luke
site:{domain} inurl:zabbix.php AND intext:Zabbix SIA,,Luke
site:{domain} intitle:Nessus Scan Report ext:html,,Luke
site:{domain} intitle:Nessus Scan Report filetype:pdf,,Luke
site:{domain} SnortSnarf alert page,,Luke
"site:{domain} ""Web Application Assessment Report"" ext:pdf",,Luke
site:{domain} generated by Munin inurl:index -intext:index localhost,,Luke
site:{domain} site*.*.*/webalizer intitle:Usage Statistics,,Luke
site:{domain} inurl:ovcgi/jovw,,Luke
site:{domain} inurl:status.cgi?host=all,,Luke
site:{domain} Shadow Security Scanner performed a vulnerability assessment,,Luke
site:{domain} Traffic Analysis for RMON Port * on unit *,,Luke
site:{domain} intitle:Belarc Advisor Current Profile intext:Click here for Belarc,,Luke
"site:{domain} powered | performed by ""Beyond Security""",,Luke
site:{domain} Output produced by SysWatch *,,Luke
site:{domain} ext:cgi intext:nrg-  This web page was created on,,Luke
site:{domain} intitle:Microsoft Site Server Analysis,,Luke
site:{domain} Looking Glass (inurl:lg/ | inurl:lookingglass),,Luke
site:{domain} intitle:ADSL Configuration page,,Luke
"site:{domain} ""Version Info"" ""Boot Version"" ""Internet Settings""",,Luke
site:{domain} inurl:phpSysInfo/ created by phpsysinfo,,Luke
"site:{domain} ""Network Host Assessment Report"" ""Internet Scanner""",,Luke
site:{domain} ansible.log | playbook.yaml | .ansible.cfg | playbook.yml | host.ini intitle:index of,,Luke
site:{domain} inurl:department intext:hardware inventory firewall router ext:(doc | pdf | xls| psw | ppt | pps | xml | txt | ps | rtf | odt | sxw ),,Luke
site:{domain} intitle:prometheus time series collection and processing server inurl:/alerts,,Luke
site:{domain} intitle:Login intext:cam,Camera login pages,Luke
site:{domain} intitle:ip camera login page,Camera login pages,Luke
site:{domain} inurl:index.php intitle:CMS Login,CME login pages,Luke
site:{domain} intitle:Hikvision login page,Hikvision camera system,Luke
site:{domain} inurl:/admin/login,Admin login pages,Luke
site:{domain} intitle:webmail Login,Wbmail login pages,Luke
site:{domain} db_password filetype:env,Lazily stored database passwords,Luke
"site:{domain} ""API""",API Recon - Search customer domain for API related content,David
"site:{domain} ""Missing Authorization Header""","API Recon- search customer domain for pages that return """"missing authorization header"""" which isan indication that it is an API endpoint.""",David
site:{domain} inurl:/api/,"API Recon - search customer domain for any URLs containing ""/api/",David
"site:{domain} inurl:/v1/ ""API""","""API Recon - search customer domain for any URLs containing """"/v2/"""" and with API on the page",David
"site:{domain} inurl:/v2/ ""API""","API Recon - search customer domain for any URLs containing """"/v2/"""" and with API on the page",David
"site:{domain} inurl:/docs/ ""API""","API Recon - search customer domain for any URLs containing """"/docs/"""" with API in the page",David